"Status","Start Time","Stop Time","Duration in ms","Parent Suite","Suite","Sub Suite","Test Class","Test Method","Name","Description"
"broken","Sat Aug 10 22:57:40 IST 2019","Sat Aug 10 22:57:40 IST 2019","0","test_scripts.test_dashboard","test_dashboard","","","","test_datda[ ]",""
"broken","Sat Aug 10 23:29:59 IST 2019","Sat Aug 10 23:29:59 IST 2019","0","test_scripts.test_dashboard","test_dashboard","","","","test_datda_fail[ Chrome0]",""
"broken","Sat Aug 10 22:57:43 IST 2019","Sat Aug 10 22:57:43 IST 2019","0","test_scripts.test_dashboard","test_dashboard","","","","test_datda_fail[x]",""
"broken","Sat Aug 10 22:57:40 IST 2019","Sat Aug 10 22:57:40 IST 2019","0","test_scripts.test_dashboard","test_dashboard","","","","test_datda[e0]",""
"passed","Sat Aug 10 23:29:36 IST 2019","Sat Aug 10 23:29:36 IST 2019","0","test_scripts.test_dashboard","test_dashboard","","","","test_datda_pass[Chrome]",""
"broken","Sat Aug 10 22:57:40 IST 2019","Sat Aug 10 22:57:40 IST 2019","0","test_scripts.test_dashboard","test_dashboard","","","","test_datda[,]",""
"broken","Sat Aug 10 22:57:40 IST 2019","Sat Aug 10 22:57:40 IST 2019","0","test_scripts.test_dashboard","test_dashboard","","","","test_datda[o1]",""
"broken","Sat Aug 10 22:55:27 IST 2019","Sat Aug 10 22:55:27 IST 2019","0","test_scripts.test_dashboard","test_dashboard","","","","test_datda[Chrome, Firefox]",""
"broken","Sat Aug 10 22:57:41 IST 2019","Sat Aug 10 22:57:41 IST 2019","0","test_scripts.test_dashboard","test_dashboard","","","","test_datda_pass[i]",""
"broken","Sat Aug 10 22:57:41 IST 2019","Sat Aug 10 22:57:41 IST 2019","0","test_scripts.test_dashboard","test_dashboard","","","","test_datda_pass[f]",""
"broken","Sat Aug 10 22:57:39 IST 2019","Sat Aug 10 22:57:39 IST 2019","0","test_scripts.test_dashboard","test_dashboard","","","","test_datda[o0]",""
"broken","Sat Aug 10 23:29:39 IST 2019","Sat Aug 10 23:29:39 IST 2019","0","test_scripts.test_dashboard","test_dashboard","","","","test_datda_pass[ Chrome0]",""
"passed","Sat Aug 10 23:29:12 IST 2019","Sat Aug 10 23:29:12 IST 2019","1","test_scripts.test_dashboard","test_dashboard","","","","test_datda[Chrome]",""
"broken","Sat Aug 10 22:57:40 IST 2019","Sat Aug 10 22:57:40 IST 2019","0","test_scripts.test_dashboard","test_dashboard","","","","test_datda_pass[r0]",""
"broken","Sat Aug 10 22:57:41 IST 2019","Sat Aug 10 22:57:41 IST 2019","0","test_scripts.test_dashboard","test_dashboard","","","","test_datda_pass[r1]",""
"broken","Sat Aug 10 22:57:42 IST 2019","Sat Aug 10 22:57:42 IST 2019","0","test_scripts.test_dashboard","test_dashboard","","","","test_datda_fail[h]",""
"broken","Sat Aug 10 22:57:40 IST 2019","Sat Aug 10 22:57:40 IST 2019","0","test_scripts.test_dashboard","test_dashboard","","","","test_datda_pass[C]",""
"broken","Sat Aug 10 22:57:39 IST 2019","Sat Aug 10 22:57:39 IST 2019","0","test_scripts.test_dashboard","test_dashboard","","","","test_datda[h]",""
"broken","Sat Aug 10 22:57:40 IST 2019","Sat Aug 10 22:57:40 IST 2019","0","test_scripts.test_dashboard","test_dashboard","","","","test_datda[e1]",""
"broken","Sat Aug 10 22:57:41 IST 2019","Sat Aug 10 22:57:41 IST 2019","0","test_scripts.test_dashboard","test_dashboard","","","","test_datda_pass[e0]",""
"broken","Sat Aug 10 22:57:40 IST 2019","Sat Aug 10 22:57:40 IST 2019","0","test_scripts.test_dashboard","test_dashboard","","","","test_datda[f]",""
"broken","Sat Aug 10 22:57:43 IST 2019","Sat Aug 10 22:57:43 IST 2019","0","test_scripts.test_dashboard","test_dashboard","","","","test_datda_fail[r1]",""
"broken","Sat Aug 10 22:57:42 IST 2019","Sat Aug 10 22:57:42 IST 2019","0","test_scripts.test_dashboard","test_dashboard","","","","test_datda_fail[i]",""
"broken","Sat Aug 10 22:57:42 IST 2019","Sat Aug 10 22:57:42 IST 2019","0","test_scripts.test_dashboard","test_dashboard","","","","test_datda_fail[F]",""
"broken","Sat Aug 10 22:57:42 IST 2019","Sat Aug 10 22:57:42 IST 2019","0","test_scripts.test_dashboard","test_dashboard","","","","test_datda_pass[x]",""
"broken","Sat Aug 10 22:57:39 IST 2019","Sat Aug 10 22:57:39 IST 2019","0","test_scripts.test_dashboard","test_dashboard","","","","test_datda[C]",""
"broken","Sat Aug 10 22:57:41 IST 2019","Sat Aug 10 22:57:41 IST 2019","0","test_scripts.test_dashboard","test_dashboard","","","","test_datda_pass[e1]",""
"broken","Sat Aug 10 22:57:42 IST 2019","Sat Aug 10 22:57:42 IST 2019","0","test_scripts.test_dashboard","test_dashboard","","","","test_datda_fail[r0]",""
"broken","Sat Aug 10 23:26:55 IST 2019","Sat Aug 10 23:26:55 IST 2019","0","test_scripts.test_dashboard","test_dashboard","","","","test_datda_fail[ Firefox]",""
"broken","Sat Aug 10 23:29:16 IST 2019","Sat Aug 10 23:29:16 IST 2019","0","test_scripts.test_dashboard","test_dashboard","","","","test_datda[ Chrome1]",""
"broken","Sat Aug 10 23:29:59 IST 2019","Sat Aug 10 23:29:59 IST 2019","0","test_scripts.test_dashboard","test_dashboard","","","","test_datda_fail[ Chrome1]",""
"broken","Sat Aug 10 22:55:27 IST 2019","Sat Aug 10 22:55:27 IST 2019","0","test_scripts.test_dashboard","test_dashboard","","","","test_datda_pass[Chrome, Firefox]",""
"broken","Sat Aug 10 22:57:41 IST 2019","Sat Aug 10 22:57:41 IST 2019","0","test_scripts.test_dashboard","test_dashboard","","","","test_datda_pass[o1]",""
"broken","Sat Aug 10 22:57:43 IST 2019","Sat Aug 10 22:57:43 IST 2019","0","test_scripts.test_dashboard","test_dashboard","","","","test_datda_fail[f]",""
"broken","Sat Aug 10 22:57:41 IST 2019","Sat Aug 10 22:57:41 IST 2019","0","test_scripts.test_dashboard","test_dashboard","","","","test_datda_pass[m]",""
"broken","Sat Aug 10 23:26:38 IST 2019","Sat Aug 10 23:26:38 IST 2019","0","test_scripts.test_dashboard","test_dashboard","","","","test_datda_pass[ Firefox]",""
"broken","Sat Aug 10 22:57:41 IST 2019","Sat Aug 10 22:57:41 IST 2019","0","test_scripts.test_dashboard","test_dashboard","","","","test_datda_pass[ ]",""
"broken","Sat Aug 10 22:57:42 IST 2019","Sat Aug 10 22:57:42 IST 2019","0","test_scripts.test_dashboard","test_dashboard","","","","test_datda_fail[o0]",""
"broken","Sat Aug 10 22:57:42 IST 2019","Sat Aug 10 22:57:42 IST 2019","0","test_scripts.test_dashboard","test_dashboard","","","","test_datda_fail[e0]",""
"broken","Sat Aug 10 22:57:40 IST 2019","Sat Aug 10 22:57:40 IST 2019","0","test_scripts.test_dashboard","test_dashboard","","","","test_datda[i]",""
"broken","Sat Aug 10 23:26:05 IST 2019","Sat Aug 10 23:26:05 IST 2019","0","test_scripts.test_dashboard","test_dashboard","","","","test_datda[ Firefox]",""
"broken","Sat Aug 10 23:29:39 IST 2019","Sat Aug 10 23:29:39 IST 2019","0","test_scripts.test_dashboard","test_dashboard","","","","test_datda_pass[ Chrome1]",""
"broken","Sat Aug 10 22:57:40 IST 2019","Sat Aug 10 22:57:40 IST 2019","0","test_scripts.test_dashboard","test_dashboard","","","","test_datda[x]",""
"broken","Sat Aug 10 22:57:42 IST 2019","Sat Aug 10 22:57:42 IST 2019","0","test_scripts.test_dashboard","test_dashboard","","","","test_datda_fail[m]",""
"broken","Sat Aug 10 22:57:43 IST 2019","Sat Aug 10 22:57:43 IST 2019","0","test_scripts.test_dashboard","test_dashboard","","","","test_datda_fail[e1]",""
"broken","Sat Aug 10 22:57:41 IST 2019","Sat Aug 10 22:57:41 IST 2019","0","test_scripts.test_dashboard","test_dashboard","","","","test_datda_pass[o0]",""
"broken","Sat Aug 10 22:57:39 IST 2019","Sat Aug 10 22:57:39 IST 2019","0","test_scripts.test_dashboard","test_dashboard","","","","test_datda[r0]",""
"broken","Sat Aug 10 22:55:27 IST 2019","Sat Aug 10 22:55:27 IST 2019","0","test_scripts.test_dashboard","test_dashboard","","","","test_datda_fail[Chrome, Firefox]",""
"broken","Sat Aug 10 22:57:42 IST 2019","Sat Aug 10 22:57:42 IST 2019","0","test_scripts.test_dashboard","test_dashboard","","","","test_datda_fail[C]",""
"broken","Sat Aug 10 22:57:42 IST 2019","Sat Aug 10 22:57:42 IST 2019","0","test_scripts.test_dashboard","test_dashboard","","","","test_datda_fail[,]",""
"broken","Sat Aug 10 22:57:41 IST 2019","Sat Aug 10 22:57:41 IST 2019","0","test_scripts.test_dashboard","test_dashboard","","","","test_datda_pass[F]",""
"broken","Sat Aug 10 23:29:15 IST 2019","Sat Aug 10 23:29:15 IST 2019","0","test_scripts.test_dashboard","test_dashboard","","","","test_datda[ Chrome0]",""
"broken","Sat Aug 10 22:57:40 IST 2019","Sat Aug 10 22:57:40 IST 2019","0","test_scripts.test_dashboard","test_dashboard","","","","test_datda[r1]",""
"broken","Sat Aug 10 22:57:39 IST 2019","Sat Aug 10 22:57:39 IST 2019","0","test_scripts.test_dashboard","test_dashboard","","","","test_datda[m]",""
"passed","Sat Aug 10 23:29:56 IST 2019","Sat Aug 10 23:29:56 IST 2019","1","test_scripts.test_dashboard","test_dashboard","","","","test_datda_fail[Chrome]",""
"broken","Sat Aug 10 22:57:40 IST 2019","Sat Aug 10 22:57:40 IST 2019","0","test_scripts.test_dashboard","test_dashboard","","","","test_datda_pass[h]",""
"broken","Sat Aug 10 22:57:41 IST 2019","Sat Aug 10 22:57:41 IST 2019","0","test_scripts.test_dashboard","test_dashboard","","","","test_datda_pass[,]",""
"passed","Sat Aug 10 16:46:10 IST 2019","Sat Aug 10 16:46:10 IST 2019","0","test_scripts.test_dashboard","test_dashboard","","","","test_datda",""
"broken","Sat Aug 10 22:57:42 IST 2019","Sat Aug 10 22:57:42 IST 2019","0","test_scripts.test_dashboard","test_dashboard","","","","test_datda_fail[ ]",""
"broken","Sat Aug 10 22:57:43 IST 2019","Sat Aug 10 22:57:43 IST 2019","0","test_scripts.test_dashboard","test_dashboard","","","","test_datda_fail[o1]",""
"broken","Sat Aug 10 22:57:40 IST 2019","Sat Aug 10 22:57:40 IST 2019","0","test_scripts.test_dashboard","test_dashboard","","","","test_datda[F]",""
