"Status","Start Time","Stop Time","Duration in ms","Parent Suite","Suite","Sub Suite","Test Class","Test Method","Name","Description"
"broken","Sat Aug 10 22:57:41 IST 2019","Sat Aug 10 22:57:41 IST 2019","0","test_scripts.test_dashboard","test_dashboard","","","","test_datda_pass[e1]",""
"broken","Sat Aug 10 22:57:40 IST 2019","Sat Aug 10 22:57:40 IST 2019","0","test_scripts.test_dashboard","test_dashboard","","","","test_datda[e1]",""
"broken","Sat Aug 10 22:57:40 IST 2019","Sat Aug 10 22:57:40 IST 2019","0","test_scripts.test_dashboard","test_dashboard","","","","test_datda[ ]",""
"broken","Sat Aug 10 22:57:40 IST 2019","Sat Aug 10 22:57:40 IST 2019","0","test_scripts.test_dashboard","test_dashboard","","","","test_datda[r1]",""
"broken","Sat Aug 10 22:57:43 IST 2019","Sat Aug 10 22:57:43 IST 2019","0","test_scripts.test_dashboard","test_dashboard","","","","test_datda_fail[e1]",""
"broken","Sat Aug 10 22:57:42 IST 2019","Sat Aug 10 22:57:42 IST 2019","0","test_scripts.test_dashboard","test_dashboard","","","","test_datda_pass[x]",""
"passed","Sat Aug 10 16:46:10 IST 2019","Sat Aug 10 16:46:10 IST 2019","0","test_scripts.test_dashboard","test_dashboard","","","","test_datda",""
"broken","Sat Aug 10 22:57:41 IST 2019","Sat Aug 10 22:57:41 IST 2019","0","test_scripts.test_dashboard","test_dashboard","","","","test_datda_pass[r1]",""
"broken","Sat Aug 10 22:57:42 IST 2019","Sat Aug 10 22:57:42 IST 2019","0","test_scripts.test_dashboard","test_dashboard","","","","test_datda_fail[C]",""
"broken","Sat Aug 10 22:57:40 IST 2019","Sat Aug 10 22:57:40 IST 2019","0","test_scripts.test_dashboard","test_dashboard","","","","test_datda_pass[C]",""
"broken","Sat Aug 10 22:55:27 IST 2019","Sat Aug 10 22:55:27 IST 2019","0","test_scripts.test_dashboard","test_dashboard","","","","test_datda[Chrome, Firefox]",""
"broken","Sat Aug 10 22:57:42 IST 2019","Sat Aug 10 22:57:42 IST 2019","0","test_scripts.test_dashboard","test_dashboard","","","","test_datda_fail[F]",""
"broken","Sat Aug 10 22:57:40 IST 2019","Sat Aug 10 22:57:40 IST 2019","0","test_scripts.test_dashboard","test_dashboard","","","","test_datda[F]",""
"broken","Sat Aug 10 22:57:43 IST 2019","Sat Aug 10 22:57:43 IST 2019","0","test_scripts.test_dashboard","test_dashboard","","","","test_datda_fail[f]",""
"broken","Sat Aug 10 22:57:40 IST 2019","Sat Aug 10 22:57:40 IST 2019","0","test_scripts.test_dashboard","test_dashboard","","","","test_datda[,]",""
"broken","Sat Aug 10 22:57:41 IST 2019","Sat Aug 10 22:57:41 IST 2019","0","test_scripts.test_dashboard","test_dashboard","","","","test_datda_pass[f]",""
"broken","Sat Aug 10 22:57:40 IST 2019","Sat Aug 10 22:57:40 IST 2019","0","test_scripts.test_dashboard","test_dashboard","","","","test_datda[i]",""
"broken","Sat Aug 10 22:57:42 IST 2019","Sat Aug 10 22:57:42 IST 2019","0","test_scripts.test_dashboard","test_dashboard","","","","test_datda_fail[r0]",""
"broken","Sat Aug 10 22:57:42 IST 2019","Sat Aug 10 22:57:42 IST 2019","0","test_scripts.test_dashboard","test_dashboard","","","","test_datda_fail[ ]",""
"broken","Sat Aug 10 22:57:43 IST 2019","Sat Aug 10 22:57:43 IST 2019","0","test_scripts.test_dashboard","test_dashboard","","","","test_datda_fail[r1]",""
"broken","Sat Aug 10 22:55:27 IST 2019","Sat Aug 10 22:55:27 IST 2019","0","test_scripts.test_dashboard","test_dashboard","","","","test_datda_fail[Chrome, Firefox]",""
"broken","Sat Aug 10 22:57:41 IST 2019","Sat Aug 10 22:57:41 IST 2019","0","test_scripts.test_dashboard","test_dashboard","","","","test_datda_pass[m]",""
"broken","Sat Aug 10 22:57:40 IST 2019","Sat Aug 10 22:57:40 IST 2019","0","test_scripts.test_dashboard","test_dashboard","","","","test_datda[x]",""
"broken","Sat Aug 10 22:57:39 IST 2019","Sat Aug 10 22:57:39 IST 2019","0","test_scripts.test_dashboard","test_dashboard","","","","test_datda[m]",""
"broken","Sat Aug 10 22:57:41 IST 2019","Sat Aug 10 22:57:41 IST 2019","0","test_scripts.test_dashboard","test_dashboard","","","","test_datda_pass[F]",""
"broken","Sat Aug 10 22:57:42 IST 2019","Sat Aug 10 22:57:42 IST 2019","0","test_scripts.test_dashboard","test_dashboard","","","","test_datda_fail[,]",""
"broken","Sat Aug 10 22:57:41 IST 2019","Sat Aug 10 22:57:41 IST 2019","0","test_scripts.test_dashboard","test_dashboard","","","","test_datda_pass[e0]",""
"broken","Sat Aug 10 22:57:41 IST 2019","Sat Aug 10 22:57:41 IST 2019","0","test_scripts.test_dashboard","test_dashboard","","","","test_datda_pass[i]",""
"broken","Sat Aug 10 22:57:42 IST 2019","Sat Aug 10 22:57:42 IST 2019","0","test_scripts.test_dashboard","test_dashboard","","","","test_datda_fail[i]",""
"broken","Sat Aug 10 22:57:42 IST 2019","Sat Aug 10 22:57:42 IST 2019","0","test_scripts.test_dashboard","test_dashboard","","","","test_datda_fail[h]",""
"broken","Sat Aug 10 22:57:42 IST 2019","Sat Aug 10 22:57:42 IST 2019","0","test_scripts.test_dashboard","test_dashboard","","","","test_datda_fail[m]",""
"broken","Sat Aug 10 22:57:43 IST 2019","Sat Aug 10 22:57:43 IST 2019","0","test_scripts.test_dashboard","test_dashboard","","","","test_datda_fail[x]",""
"broken","Sat Aug 10 22:57:40 IST 2019","Sat Aug 10 22:57:40 IST 2019","0","test_scripts.test_dashboard","test_dashboard","","","","test_datda_pass[h]",""
"broken","Sat Aug 10 22:57:40 IST 2019","Sat Aug 10 22:57:40 IST 2019","0","test_scripts.test_dashboard","test_dashboard","","","","test_datda[o1]",""
"broken","Sat Aug 10 22:57:41 IST 2019","Sat Aug 10 22:57:41 IST 2019","0","test_scripts.test_dashboard","test_dashboard","","","","test_datda_pass[o0]",""
"broken","Sat Aug 10 22:57:40 IST 2019","Sat Aug 10 22:57:40 IST 2019","0","test_scripts.test_dashboard","test_dashboard","","","","test_datda[f]",""
"broken","Sat Aug 10 22:57:41 IST 2019","Sat Aug 10 22:57:41 IST 2019","0","test_scripts.test_dashboard","test_dashboard","","","","test_datda_pass[,]",""
"broken","Sat Aug 10 22:57:39 IST 2019","Sat Aug 10 22:57:39 IST 2019","0","test_scripts.test_dashboard","test_dashboard","","","","test_datda[C]",""
"broken","Sat Aug 10 22:57:39 IST 2019","Sat Aug 10 22:57:39 IST 2019","0","test_scripts.test_dashboard","test_dashboard","","","","test_datda[h]",""
"broken","Sat Aug 10 22:57:40 IST 2019","Sat Aug 10 22:57:40 IST 2019","0","test_scripts.test_dashboard","test_dashboard","","","","test_datda_pass[r0]",""
"passed","Sat Aug 10 22:20:58 IST 2019","Sat Aug 10 22:20:58 IST 2019","0","test_scripts.test_dashboard","test_dashboard","","","","test_datda[Chrome]",""
"broken","Sat Aug 10 22:55:27 IST 2019","Sat Aug 10 22:55:27 IST 2019","0","test_scripts.test_dashboard","test_dashboard","","","","test_datda_pass[Chrome, Firefox]",""
"broken","Sat Aug 10 22:57:39 IST 2019","Sat Aug 10 22:57:39 IST 2019","0","test_scripts.test_dashboard","test_dashboard","","","","test_datda[r0]",""
"broken","Sat Aug 10 22:57:40 IST 2019","Sat Aug 10 22:57:40 IST 2019","0","test_scripts.test_dashboard","test_dashboard","","","","test_datda[e0]",""
"broken","Sat Aug 10 22:57:43 IST 2019","Sat Aug 10 22:57:43 IST 2019","0","test_scripts.test_dashboard","test_dashboard","","","","test_datda_fail[o1]",""
"broken","Sat Aug 10 22:57:41 IST 2019","Sat Aug 10 22:57:41 IST 2019","0","test_scripts.test_dashboard","test_dashboard","","","","test_datda_pass[ ]",""
"broken","Sat Aug 10 22:57:42 IST 2019","Sat Aug 10 22:57:42 IST 2019","0","test_scripts.test_dashboard","test_dashboard","","","","test_datda_fail[e0]",""
"broken","Sat Aug 10 22:57:39 IST 2019","Sat Aug 10 22:57:39 IST 2019","0","test_scripts.test_dashboard","test_dashboard","","","","test_datda[o0]",""
"broken","Sat Aug 10 22:57:41 IST 2019","Sat Aug 10 22:57:41 IST 2019","0","test_scripts.test_dashboard","test_dashboard","","","","test_datda_pass[o1]",""
"broken","Sat Aug 10 22:57:42 IST 2019","Sat Aug 10 22:57:42 IST 2019","0","test_scripts.test_dashboard","test_dashboard","","","","test_datda_fail[o0]",""
